repo_id,app,full_name,description,owner_id,default_branch,language,created_at,updated_at,pushed_at,size,stargazers,subscribers,is_fork,forks_count,open_issues,watchers,has_downloads,has_issues,has_pages,has_wiki,has_projects,git_url,clone_url,last_commit_sha,last_commit_date,last_commit_massage,last_commit_author,tests_count,has_junit,junit3_count,junit4_count,junit5_count,junit_count,has_pom,classification
1904,java-memcached-client,dustin/java-memcached-client,A simple; asynchronous; single-threaded memcached client written in java.,1779,master,Java,2008-02-29T21:22:38Z,2020-12-01T20:46:19Z,2020-12-01T20:46:25Z,5026,486,65,False,402,28,486,False,False,True,True,True,git://github.com/dustin/java-memcached-client.git,https://github.com/dustin/java-memcached-client.git,fd1447f38f4db8b719387366419fe476df01957d,2020-12-01T20:46:13Z,Bump junit from 4.7 to 4.13.1  Bumps [junit](https://github.com/junit-team/junit4) from 4.7 to 4.13.1. - [Release notes](https://github.com/junit-team/junit4/releases) - [Changelog](https://github.com/junit-team/junit4/blob/main/doc/ReleaseNotes4.13.1.md) - [Commits](https://github.com/junit-team/junit4/compare/r4.7...r4.13.1)  Signed-off-by: dependabot[bot] <support@github.com>,Dustin Sallings,64,True,24,5,0,29,True,2.0
44749,jdepend,clarkware/jdepend,A Java package dependency analyzer that generates design quality metrics.,4831,master,Java,2008-08-21T21:34:50Z,2021-01-19T05:02:53Z,2020-04-10T22:28:06Z,1255,452,37,False,100,12,452,True,True,False,True,True,git://github.com/clarkware/jdepend.git,https://github.com/clarkware/jdepend.git,7fe00cb07b0f6fad0022c71d56f1a32529e42811,2020-03-06T18:59:19Z,Fix zip download link,Mike Clark,11,True,2,0,0,2,False,1.1785082850211752
65312,liblinear-java,bwaldvogel/liblinear-java,Java version of LIBLINEAR,29931,master,Java,2008-10-20T12:33:23Z,2021-01-12T11:24:25Z,2021-01-10T22:37:13Z,3305,295,34,False,143,2,295,True,True,True,True,True,git://github.com/bwaldvogel/liblinear-java.git,https://github.com/bwaldvogel/liblinear-java.git,885ae2605776425f98f5fef54c7a44e7e22cbd50,2021-01-10T22:36:06Z,Update Gradle to 6.8,Benedikt Waldvogel,12,True,0,0,11,11,False,0.9610932938612722
7915,jbidwatcher,cyberfox/jbidwatcher,The official home of JBidwatcher's source code; an eBay auction sniping; bidding & monitoring software application.,5918,master,Java,2008-04-08T22:26:02Z,2020-12-16T02:32:47Z,2019-10-22T03:47:18Z,128890,186,42,False,73,2,186,False,False,False,False,True,git://github.com/cyberfox/jbidwatcher.git,https://github.com/cyberfox/jbidwatcher.git,2816fb9d78fec14cb18e012c22527320a8905e7e,2018-02-20T10:45:39Z,Reduce duplicate code.,Morgan Schweers,7,True,6,1,0,7,False,0.5617573290571933
4976,nbgit,myabc/nbgit,NetBeans Git Module,755,master,Java,2008-03-22T18:13:32Z,2020-09-20T00:51:28Z,2010-11-12T11:12:14Z,4755,187,9,False,12,0,187,True,False,True,False,True,git://github.com/myabc/nbgit.git,https://github.com/myabc/nbgit.git,fea0ed6ae1641664736a0775b1fe27db35ff77aa,2010-11-12T11:10:37Z,Update README with note on official Oracle plugin  Signed-off-by: Alex Coles <alex@alexbcoles.com>,Alex Coles,10,True,2,1,0,3,False,0.4120821512273344
22927,limelight,slagyr/limelight,GUI library for Ruby/Clojure/Java,12075,master,Java,2008-06-06T16:34:58Z,2020-11-29T20:09:34Z,2012-08-28T17:07:40Z,48293,110,9,False,15,5,110,True,True,False,True,True,git://github.com/slagyr/limelight.git,https://github.com/slagyr/limelight.git,2e8db684771587422d55a9329e895481e9b56a26,2012-08-28T17:07:31Z,updating clojure to 1.4,Micah,257,True,109,100,0,209,False,0.2604539287035895
51111,javautil,bmc/javautil,org.clapper.util Java Utility Library,23894,master,Java,2008-09-10T03:27:08Z,2020-12-09T09:59:20Z,2019-08-14T17:58:22Z,7453,58,6,False,26,9,58,True,True,True,True,True,git://github.com/bmc/javautil.git,https://github.com/bmc/javautil.git,a146ece36f6053bc287bf2cb42fbd427b23863c5,2017-03-23T14:45:13Z,Minor wording tweak.,Brian Clapper,12,True,1,9,0,10,False,0.18037909625426585
44958,selenium-grid,bcotton/selenium-grid,Selenium Grid is a tool that dramatically speeds up web testing by running multiple tests in parallel and on multiple machines,1392,master,Java,2008-08-22T11:49:50Z,2020-10-18T08:38:18Z,2008-08-21T06:28:27Z,25118,25,9,False,50,0,25,True,True,False,True,True,git://github.com/bcotton/selenium-grid.git,https://github.com/bcotton/selenium-grid.git,9d05140058657ecca7942b0bdfc62d570bca11d2,2008-08-21T06:27:35Z,Rakefile: Less brutal shutdown tasks for Hub and RCs  git-svn-id: https://svn.openqa.org/svn/selenium-grid/trunk@362 22590ab4-ef3b-0410-9bef-a9f5a1089f47,ph7,59,True,36,13,0,49,False,0.1718987706097611
4857,hivedb,britt/hivedb,HiveDB is an open source project for horizontally partitioning MySQL systems.,1259,master,Java,2008-03-21T21:27:39Z,2019-10-14T23:50:00Z,2020-10-13T09:45:12Z,1839,44,8,False,14,5,44,True,True,False,True,True,git://github.com/britt/hivedb.git,https://github.com/britt/hivedb.git,09efeffda5f9fb9619358a274801a569b525dca7,2008-12-18T19:41:22Z,"* fixed a bug in the getCount* methods. The code was only looking at the query result from the first of ""n"" nodes; which only works 1/n times. It now sums the counts from each node's response. * bug was reported by CafePress",Dave Peckham,46,True,0,39,0,39,True,0.1216027301508984
44747,junitperf,clarkware/junitperf,A collection of JUnit test decorators used to measure the performance and scalability of functionality contained within existing JUnit tests.,4831,master,Java,2008-08-21T21:28:25Z,2020-08-30T11:33:18Z,2017-01-20T18:21:49Z,95,36,11,False,11,1,36,True,True,False,True,True,git://github.com/clarkware/junitperf.git,https://github.com/clarkware/junitperf.git,0eace56460d0467a12c154d281ad344636eb609d,2017-01-20T18:21:42Z,Add dist/junitperf-1.9.1.zip,Mike Clark,15,True,15,0,0,15,False,0.09761111796389951
56368,rhino-mirror,earl/rhino-mirror,NOTE: There's now an official Rhino Git repository at https://github.com/mozilla/rhino. This mirror will be shutdown soon.,11377,master,Java,2008-09-25T12:54:39Z,2019-11-21T09:55:02Z,2011-05-10T10:32:12Z,10108,32,1,False,12,0,32,False,False,False,False,True,git://github.com/earl/rhino-mirror.git,https://github.com/earl/rhino-mirror.git,014787f34aaa35b5dd4592e0f3cbc800d8f324c8,2011-05-10T09:52:49Z,Include testsrc/**.js and **.jstest files in distribution zip file.,hannes%helma.at,46,True,30,11,0,41,False,0.09183421734303689
56670,dwr,burris/dwr,Direct Web Remoting; Java framework for Ajax; Comet; browser-server RPC; supports JSON; Bayeux; and more,24579,master,Java,2008-09-26T08:11:10Z,2020-03-21T14:30:48Z,2020-10-13T09:21:50Z,98101,23,5,False,14,2,23,True,True,False,True,True,git://github.com/burris/dwr.git,https://github.com/burris/dwr.git,a8c6765f82266b738a030010b920d682edb6c348,2009-01-09T09:54:21Z,Fixes DWR-307 allowing multiple dwr:auth declarations for the same method  git-svn-id: http://svn.directwebremoting.org/dwr/trunk@2569 3a8262b2-faa5-11dc-8610-ff947880b6b2,xmaniac,34,True,2,19,0,21,True,0.07821430039883229
56904,joist,stephenh/joist,a orm based on code generation,6401,master,Java,2008-09-26T23:39:03Z,2020-11-02T09:06:43Z,2019-09-02T17:34:56Z,58227,28,8,False,9,3,28,True,True,True,False,True,git://github.com/stephenh/joist.git,https://github.com/stephenh/joist.git,41dda3478a6a163d914a49191fbe4cb6d28c54e4,2019-09-02T17:34:52Z,Add a build badge for fun.,Stephen Haberman,111,True,1,95,0,96,False,0.07610706796595534
63783,openamq-jms,imatix/openamq-jms,Java JMS client for OpenAMQ and other AMQP servers,22778,master,Java,2008-10-16T16:27:07Z,2019-08-13T13:38:19Z,2008-10-16T21:49:04Z,3422,24,3,False,8,1,24,True,True,False,True,True,git://github.com/imatix/openamq-jms.git,https://github.com/imatix/openamq-jms.git,6ee744c1ab1b4ca2270dff21f73dc89c7a158149,2008-10-16T21:48:41Z,A couple of missing changes for 6d835e34f8180064f5cff1199d5d536a0253acfe.,Kelly McLaughlin,16,True,2,1,0,3,False,0.06535504296698327
32473,java-tdd,relevance/java-tdd,TDD Examples; Labs; and References,1276170,master,Java,2008-07-09T02:50:25Z,2019-12-20T20:54:28Z,2008-07-23T13:45:35Z,14372,22,28,False,3,0,22,True,True,False,True,True,git://github.com/relevance/java-tdd.git,https://github.com/relevance/java-tdd.git,20720c98971b1417d1dd542bd211481013aaa4d4,2008-07-22T22:36:34Z,fixed log bug in incremental station improved readability of StationTest.groovy,Stuart Halloway,26,True,5,19,0,24,False,0.04878500061675096
24768,penrose-server,identityxx/penrose-server,Penrose Server,11271,master,Java,2008-06-12T20:54:33Z,2019-08-13T13:26:37Z,2009-04-10T17:03:43Z,86431,14,7,False,7,0,14,True,True,False,True,True,git://github.com/identityxx/penrose-server.git,https://github.com/identityxx/penrose-server.git,b25edf727f6a26b18842a165b8f55fcdcbb91c9e,2009-04-10T17:02:34Z,Updated THIRDPARTY.txt. Added LDAP backend source code.,Endi Sukma Dewata,60,True,30,0,0,30,True,0.042206323753135155
27291,jvyamlb,olabini/jvyamlb,JvYAMLb is a YAML processing library for Java; used by JRuby,6158,master,Java,2008-06-21T13:23:21Z,2019-08-13T13:27:17Z,2015-03-18T06:45:59Z,1780,17,3,False,3,1,17,True,True,False,True,True,git://github.com/olabini/jvyamlb.git,https://github.com/olabini/jvyamlb.git,4730b5463e9dda32060e51dd02cd927ee43c4a5e,2015-03-18T06:45:56Z,Make everything version 0.2.7 and add a script to push to maven repos,Ola Bini,10,True,2,0,0,2,False,0.03845442210435426
47929,drools,bobmcwhirter/drools,Drools from JBoss.org,15951,master,Java,2008-08-31T21:57:57Z,2019-08-13T13:33:42Z,2020-12-21T16:51:10Z,986994,11,2,False,6,6,11,True,True,False,True,True,git://github.com/bobmcwhirter/drools.git,https://github.com/bobmcwhirter/drools.git,62a0a5907ca1f4505cea2f4c55302da846b1cc75,2008-08-30T23:20:26Z,-fixed dependencies so it doesn't suck in maven-project -added drools-process-task  git-svn-id: http://anonsvn.jboss.org/repos/labs/labs/jbossrules/trunk@22264 c60d74c8-e8f6-0310-9e8f-d4a2fc68ab70,mark.proctor@jboss.com,421,True,330,0,0,330,True,0.03352041445664241
16516,nanopool,chrisvest/nanopool,Lightweight and fast JDBC connection pool – DISCONTINUED,7993,master,Java,2008-05-13T15:55:29Z,2020-10-01T16:26:04Z,2014-04-10T20:20:47Z,728,8,2,False,4,0,8,True,True,True,True,True,git://github.com/chrisvest/nanopool.git,https://github.com/chrisvest/nanopool.git,d90e4688c936af234546d0068e3eaff42c79abb2,2014-04-10T20:20:47Z,Update README.md,Chris Vest,21,True,0,13,0,13,True,0.02234694297109494
1482,cosmo,travis/cosmo,Travis Vachon's clone of the Cosmo Subversion tree,1113,master,Java,2008-02-27T20:02:42Z,2019-08-13T13:21:33Z,2020-07-01T21:45:17Z,11742,9,4,False,3,7,9,True,True,False,True,True,git://github.com/travis/cosmo.git,https://github.com/travis/cosmo.git,c99c1ea86a15ffb16edafd2d60819a7272b9df09,2008-06-25T23:51:45Z,Bug 12175: Calendar view items not refreshing correctly.  Solution was to blank out collection item registry before reloading; which led to a bug wherein overlaid collections weren't displaying in some cases; which in turn was fixed by removing the truly awful doDisplay attribute and replacing it with a couple view-specific functions.   git-svn-id: svn+ssh://svn.osafoundation.org/svn/server/cosmo/trunk@7190 5fd0b11a-f2f7-0310-948e-c8f80ebed640,Travis Vachon,117,True,68,0,0,68,True,0.021925496484519552
41243,cotta,wolfdancer/cotta,A light weight file IO library to ease the use of Java File IO related API and enable the testability.,18065,master,Java,2008-08-09T05:30:55Z,2019-08-13T13:31:11Z,2020-10-13T09:53:17Z,7076,5,3,False,6,2,5,True,True,False,True,True,git://github.com/wolfdancer/cotta.git,https://github.com/wolfdancer/cotta.git,e19c4604f82410e9891d45d06088e4a2af2a9a5d,2018-03-25T01:16:46Z,Merge pull request #5 from wolfdancer/clean-up-warnings  clean up warnings,GitHub,52,True,6,0,0,6,True,0.021123720241766376
11099,semantic-repository,we4tech/semantic-repository,semantic repository service is intended for indexing content from different sources and maintain multi indexes for different types of content and perform different types of search. yet another solr type indexing service on top of lucene but it will gradually support content versioning and more semantic search result.,4054,master,Java,2008-04-19T07:52:05Z,2019-08-13T13:23:19Z,2020-10-13T09:50:41Z,1469,10,2,False,0,11,10,True,True,False,True,True,git://github.com/we4tech/semantic-repository.git,https://github.com/we4tech/semantic-repository.git,1aa2d4a74eda7332fa56e478fa6c7c7f8f282c73,2009-03-18T20:49:07Z,optimized search based tag cloud service search based tag cloud service is now more optimized; completely rewritten logic. added database native pagination for better performance.,nhm tanveer hossain khan (hasan),34,True,13,0,0,13,True,0.01652892561983471
43930,testdox,astubbs/testdox,TestDox creates simple documentation from the method names in JUnit test cases.,3414,master,Java,2008-08-19T12:59:52Z,2019-08-13T13:32:08Z,2008-08-22T05:08:10Z,112,6,4,False,3,0,6,True,True,False,True,True,git://github.com/astubbs/testdox.git,https://github.com/astubbs/testdox.git,97764ee7985341a4da8d9ac8cdc562ae55f0347b,2008-08-22T05:03:43Z,convert tabs->spaces,Antony Stubbs,7,True,6,0,0,6,True,0.015727149377081535
7283,spyjar,dustin/spyjar,My generally useful java library I take wherever I go.,1779,master,Java,2008-04-06T07:52:44Z,2019-08-13T13:22:37Z,2008-11-27T01:09:08Z,5274,7,4,False,2,0,7,True,True,False,True,True,git://github.com/dustin/spyjar.git,https://github.com/dustin/spyjar.git,e59543ba81fdc9331189ea8a0d30231e41bcc801,2008-11-26T20:31:35Z,Move field initialization outside of the constructor.,Dustin Sallings,50,True,43,0,0,43,False,0.015305702890506147
32578,appfuse,myabc/appfuse,Rapid Application Development in Java; integrating a Hibernate; Spring; Struts/JSF/Tapestry stack. Mirror of canonical SVN Repo.,755,trunk,Java,2008-07-09T10:39:49Z,2020-09-20T00:50:56Z,2020-09-14T18:35:09Z,134941,9,3,False,0,2,9,True,False,False,False,True,git://github.com/myabc/appfuse.git,https://github.com/myabc/appfuse.git,b56929b4d616cc9da0d24510edf6ba4b0b35ba0e,2009-12-24T01:04:32Z,APF-1182: Added dependency on commons-collections to appfuse-service since it's used in UserSecurityAdvice.java. Seems to be needed after upgrade to Spring Security 3.0.  git-svn-id: https://appfuse.dev.java.net/svn/appfuse/trunk@3330 2aeb74e6-0f1c-0410-991c-92d95bb9df37,mraible,59,True,11,22,0,33,True,0.014462809917355372
57298,swtxml,ralfebert/swtxml,SWT/XML is a markup language for describing Eclipse SWT / RCP user interfaces,26635,master,Java,2008-09-28T17:07:01Z,2019-08-13T13:36:32Z,2009-11-22T00:47:41Z,2300,5,5,False,3,0,5,True,True,False,True,True,git://github.com/ralfebert/swtxml.git,https://github.com/ralfebert/swtxml.git,39b0d21dbc9f5a5265a734c696eebd2ba3b0149c,2009-11-19T22:28:28Z,cleanup EventsRegistry,Ralf Ebert,32,True,0,29,0,29,False,0.013661033674602197
46764,hello,zootella/hello,None,19259,master,Java,2008-08-27T20:13:43Z,2019-08-13T13:33:15Z,2008-10-28T15:46:04Z,2686,4,3,False,2,1,4,True,True,False,True,True,git://github.com/zootella/hello.git,https://github.com/zootella/hello.git,059f7bcfb68d95f3cec41fa6577f204d9f1104d0,2008-10-28T13:21:50Z,Banished SwingWorker,U-DAVEPC2\Kevin,14,True,0,12,0,12,False,0.00910735578306813
28746,stomptomanagerbridge,jicksta/stomptomanagerbridge,An experiment I did to bridge the Stomp protocol with the Asterisk Manager Interface using AsteriskJava,155,master,Java,2008-06-26T00:46:52Z,2019-08-13T13:27:38Z,2020-10-13T09:20:57Z,4583,6,3,False,0,1,6,True,True,False,True,True,git://github.com/jicksta/stomptomanagerbridge.git,https://github.com/jicksta/stomptomanagerbridge.git,01ef977418674b66ad9bc0adab6e5344e07ba9ee,2008-06-28T01:47:58Z,"Adding support for ""conferencename"" to ConferenceDTMFEvent",Jay Phillips,44,True,34,1,0,35,True,0.008264462809917356
40444,hamcrest-collections-changes,davie/hamcrest-collections-changes,a few changes to hamcrest-collections,573,master,Java,2008-08-06T14:12:00Z,2019-08-13T13:30:56Z,2008-08-06T14:15:03Z,670,3,3,False,2,0,3,True,True,False,True,True,git://github.com/davie/hamcrest-collections-changes.git,https://github.com/davie/hamcrest-collections-changes.git,e016fc5b5e1d239137552a8c1c02d5c1053d9ae7,2007-08-09T14:25:32Z,Initial Checkin  git-svn-id: http://hamcrest-collections.googlecode.com/svn/trunk@3 ca90a49f-1037-0410-a71c-a985d94c29b3,sam.newman,5,True,4,0,0,4,False,0.0070412400805887915
11546,callingruby,klauern/callingruby,Some little classes and programs to learn how to use JRuby from Java; and vice versa,4735,master,Java,2008-04-21T14:52:43Z,2019-08-13T13:23:24Z,2020-10-13T09:13:48Z,6721,3,1,False,2,2,3,True,True,False,True,True,git://github.com/klauern/callingruby.git,https://github.com/klauern/callingruby.git,ad678d3b04cdf9720429cb569c44a00dfd4839eb,2008-06-19T20:47:00Z,Small changes to README.markdown file,A03182 - Nick Klauer,12,True,0,6,0,6,True,0.0070412400805887915
56787,v-unit,bakkdoor/v-unit,Video rental management software,17142,master,Java,2008-09-26T16:24:18Z,2019-08-13T13:36:24Z,2008-09-30T23:51:32Z,3784,4,2,False,1,0,4,True,True,False,True,True,git://github.com/bakkdoor/v-unit.git,https://github.com/bakkdoor/v-unit.git,4f82961285052e7997b3116e5e5572f09e55b227,2008-09-30T23:50:26Z,Layout nicht mehr statisch; sondern an Container gebunden Signed-off-by: Waldemar Smirnow <wsmirnow@uos.de>,Waldemar Smirnow,24,True,8,0,0,8,False,0.006619793594013404
10477,monkeytest,gingerhendrix/monkeytest,a lightweight extensible testing library for javascript and greasemonkey.,5828,master,Java,2008-04-17T00:42:00Z,2019-08-13T13:23:09Z,2009-08-01T19:16:21Z,6204,5,2,False,0,0,5,True,True,False,True,True,git://github.com/gingerhendrix/monkeytest.git,https://github.com/gingerhendrix/monkeytest.git,c66b15b53ac3e22ccc9c9719420f39141643ff42,2008-12-30T14:13:41Z,Changed continuation to maintain this pointer,Gareth Andrew,77,True,59,0,0,59,False,0.006198347107438017
47615,jboss-deployers,bobmcwhirter/jboss-deployers,Mirror of jboss-deployers from JBoss.org,15951,master,Java,2008-08-30T16:18:27Z,2019-08-13T13:33:36Z,2020-10-13T09:43:05Z,2883,3,1,False,1,1,3,True,True,False,True,True,git://github.com/bobmcwhirter/jboss-deployers.git,https://github.com/bobmcwhirter/jboss-deployers.git,eb7f8172d15cb81fd22b7b980f89f11d2519a0ac,2008-08-25T12:00:18Z,[maven-release-plugin] prepare for next development iteration  git-svn-id: http://anonsvn.jboss.org/repos/jbossas/projects/jboss-deployers/trunk@77424 84be2c1e-ba19-0410-b317-a758671a6fc1,alesj,100,True,2,0,0,2,True,0.004553677891534065
44363,microcontainer,bobmcwhirter/microcontainer,JBoss Microcontainer from JBoss.org,15951,master,Java,2008-08-20T18:15:50Z,2019-08-13T13:32:17Z,2020-10-13T09:44:58Z,17794,3,2,False,1,2,3,True,True,False,True,True,git://github.com/bobmcwhirter/microcontainer.git,https://github.com/bobmcwhirter/microcontainer.git,63196b715e188b055449f13dc7ef8459111ff22d,2008-08-30T16:26:20Z,Merge branch 'vendor' of git@github.com:bobmcwhirter/microcontainer,Bob McWhirter,146,True,1,0,0,1,True,0.004553677891534065
44901,etl-java,const/etl-java,ETL parser for Java project,21537,master,Java,2008-08-22T07:27:48Z,2019-08-13T13:32:30Z,2020-10-13T07:46:34Z,845,3,2,False,1,3,3,True,True,False,True,True,git://github.com/const/etl-java.git,https://github.com/const/etl-java.git,0f8b1034d6c2153ce0838d6ac0a40e60e305b4a4,2017-10-29T19:42:54Z,Updated Java version to 8; updated maven plugins,Constantine Plotnikov,33,True,0,21,0,21,True,0.004553677891534065
60293,rpiplanner,epall/rpiplanner,RPI Planner,11366,master,Java,2008-10-07T04:20:38Z,2019-08-13T13:37:21Z,2011-02-19T20:48:16Z,18581,4,4,False,0,1,4,True,True,False,True,True,git://github.com/epall/rpiplanner.git,https://github.com/epall/rpiplanner.git,62a31e1cb8219c17250c299895079cac62408864,2010-03-08T02:11:26Z,Insanely fast rpicatalog using the Typhoeus gem,Eric Allen,8,True,0,6,0,6,False,0.004132231404958678
58140,middlewhere-demo,cschmidt/middlewhere-demo,Code Carl uses to play around with JEE concepts and such.,26992,master,Java,2008-09-30T20:52:51Z,2019-08-13T13:36:46Z,2020-10-13T10:02:38Z,341,2,2,False,1,6,2,True,True,False,True,True,git://github.com/cschmidt/middlewhere-demo.git,https://github.com/cschmidt/middlewhere-demo.git,f3e9892336a273558f90fb673bf8677e5e78e356,2008-09-30T21:09:52Z,Added some useless JavaDoc.,Carl Schmidt,6,True,0,3,0,3,True,0.0024875621890547263
53522,ap-comp-science,zakatk857xx/ap-comp-science,lol code,25017,master,Java,2008-09-17T13:57:27Z,2019-08-13T13:35:25Z,2009-03-06T21:14:21Z,48944,3,2,False,0,0,3,True,True,False,True,True,git://github.com/zakatk857xx/ap-comp-science.git,https://github.com/zakatk857xx/ap-comp-science.git,be3911529964e0275efb2f8889900daf684677b0,2009-03-06T21:14:08Z,AAAAAAAAAAAAAAAAAAAAAAAAA2,tzaki,7,True,1,0,0,1,False,0.002066115702479339
2103,nostromo,code-later/nostromo,My master thesis,1948,master,Java,2008-03-02T11:11:52Z,2019-08-13T13:21:41Z,2020-10-13T09:46:00Z,23330,3,3,False,0,5,3,True,True,False,True,True,git://github.com/code-later/nostromo.git,https://github.com/code-later/nostromo.git,381b86d2a308fd4b34ef05af1bdc961e2b0757ee,2009-01-20T09:55:44Z,CHANGED - final layout check; ist das jetzt fertig?????,Dirk Breuer,32,True,0,28,0,28,True,0.002066115702479339
10185,geovex,mreid/geovex,A very basic Java library for working with convex geometry. Currently focussed on ROC curve graphing.,484,master,Java,2008-04-16T02:42:40Z,2019-08-13T13:23:06Z,2008-04-21T09:17:25Z,104,3,3,False,0,0,3,True,True,False,True,True,git://github.com/mreid/geovex.git,https://github.com/mreid/geovex.git,c08faac9590349fba85d412c452caf29e73891fa,2008-04-21T09:17:04Z,Fixed issues with JDK 1.4,Mark,5,True,5,0,0,5,False,0.002066115702479339
44305,vraptor2_sexy_urls,dcrec1/vraptor2_sexy_urls,Sexy URLs in VRaptor,13742,master,Java,2008-08-20T15:23:33Z,2019-08-13T13:32:14Z,2020-12-21T16:52:37Z,2253,3,2,False,0,2,3,True,True,False,True,True,git://github.com/dcrec1/vraptor2_sexy_urls.git,https://github.com/dcrec1/vraptor2_sexy_urls.git,2e53b6f8cf1827f56a5cd3a8f436fb7eaf0232d2,2009-01-27T00:10:31Z,added installation; configuration and license to README,Diego Carrion,118,True,31,0,0,31,True,0.002066115702479339
52215,jcoder,hoffrocket/jcoder,Java 1.5 library for mapping classes to binary message formats. Uses an annotation driven approach for mapping class fields.,24408,master,Java,2008-09-13T04:49:51Z,2019-08-13T13:35:01Z,2020-10-13T09:41:54Z,17,3,3,False,0,2,3,True,True,True,True,True,git://github.com/hoffrocket/jcoder.git,https://github.com/hoffrocket/jcoder.git,08fd4d7f8f75c470d46c2e4d77a2cb90fc04e95f,2009-05-27T18:33:35Z,added a comment fixes issue #1,hoffrocket,16,True,2,0,0,2,True,0.002066115702479339
49871,org.roxgt,ugosan/org.roxgt,RoxGT is a Graph Theory eclipse plugin,17125,master,Java,2008-09-06T13:59:41Z,2019-08-13T13:34:19Z,2008-12-20T23:23:11Z,524,3,1,False,0,0,3,True,True,False,True,True,git://github.com/ugosan/org.roxgt.git,https://github.com/ugosan/org.roxgt.git,a4d076de140a533f6b2cdc94dc52c72cf8b0ef53,2008-12-20T23:21:36Z,removed bin folders,ugo,5,True,5,0,0,5,False,0.002066115702479339
48002,boost,kef/boost,SSD Rocks!,14956,master,Java,2008-09-01T06:22:29Z,2019-08-13T13:33:43Z,2008-09-01T23:51:47Z,10589,3,2,False,0,0,3,True,True,False,True,True,git://github.com/kef/boost.git,https://github.com/kef/boost.git,cf4fba51ac98e463b8fe994024f8f61240c0a360,2008-09-01T11:29:56Z,SCOREBOARD  git-svn-id: https://geekscape.org/svn/boost/trunk@4028 05db6a09-9903-0410-bedf-ba9bc4063e48,mark.hibberd,262,True,8,0,0,8,False,0.002066115702479339
25412,shard,wireframe/shard,open gaming engine,12001,master,Java,2008-06-15T04:10:17Z,2019-08-13T13:26:47Z,2020-10-13T10:00:19Z,5137,2,2,False,0,2,2,True,True,False,True,True,git://github.com/wireframe/shard.git,https://github.com/wireframe/shard.git,7d915fe7edc44b5d6ff68aff1d24e5f6b1cb063d,2008-08-19T19:50:26Z,add test,Ryan Sonnek,82,True,69,0,0,69,True,0.0
44670,vfs,bobmcwhirter/vfs,VFS from JBoss.org,15951,master,Java,2008-08-21T18:01:34Z,2019-08-13T13:32:25Z,2020-10-13T09:49:23Z,1811,2,2,False,0,1,2,True,True,False,True,True,git://github.com/bobmcwhirter/vfs.git,https://github.com/bobmcwhirter/vfs.git,ae02e356b9fd4fa2ed9a04dab6022ebbb75aa91f,2008-09-09T08:31:28Z,JBVFS-58; Upgrade to latest jboss-common-core 2.2.8.GA (synch with AS)  git-svn-id: http://anonsvn.jboss.org/repos/jbossas/projects/vfs/trunk@78232 84be2c1e-ba19-0410-b317-a758671a6fc1,dimitris@jboss.org,6,True,1,0,0,1,True,0.0
23050,gridsweeper,agentcoops/gridsweeper,An interface for running batch complex systems simulations.,12148,master,Java,2008-06-06T23:49:32Z,2019-08-13T13:26:10Z,2008-06-06T23:54:21Z,484,2,2,False,0,0,2,True,True,False,True,True,git://github.com/agentcoops/gridsweeper.git,https://github.com/agentcoops/gridsweeper.git,53289d7abd0486d8aa9f6549b96f7961e743b6e5,2007-09-20T01:31:36Z,Was accessing gs.root before being set. Now accessing GRIDSWEEPER_ROOT envvar.  git-svn-id: svn+ssh://battistini.cscs.lsa.umich.edu/users/gsweep/svn/gridsweeper@200 e466becf-6918-0410-8e4b-ca7f87a03805,Ed Baskerville,10,True,0,10,0,10,False,0.0
46785,learning-bittorrent,zootella/learning-bittorrent,None,19259,master,Java,2008-08-27T20:45:38Z,2019-08-13T13:33:16Z,2008-08-27T20:50:36Z,2844,2,2,False,0,0,2,True,True,False,True,True,git://github.com/zootella/learning-bittorrent.git,https://github.com/zootella/learning-bittorrent.git,5fa74c6d4d6960fa60856d6f3e251db5bd20a67a,2008-08-27T20:48:44Z,First commit,U-DAVEPC2\Kevin,257,True,241,0,0,241,False,0.0
15626,novelang,caillette/novelang,The electronic document generator,4329,master,Java,2008-05-09T14:06:56Z,2020-03-20T11:39:47Z,2020-10-13T09:52:03Z,50212,2,2,False,0,43,2,True,True,False,True,True,git://github.com/caillette/novelang.git,https://github.com/caillette/novelang.git,e58fb81acf4918e19b6500c498fd827008ce8e31,2011-09-11T18:29:00Z,Merge branch 'master' of github.com:caillette/novelang,caillette,115,True,4,60,0,64,True,0.0
